rvnm,stcd,stnm,tm,wptn,z
长江,60107000,茅坪(二),1790805600000,4,168.060
长江,60107000,茅坪(二),1790816400000,6,168.100
长江,60107000,茅坪(二),1790838000000,5,168.470
长江,60107000,茅坪(二),1790863200000,5,168.460
长江,60107000,茅坪(二),1790895600000,5,169.070
长江,60107000,茅坪(二),1790917200000,5,169.310
长江,60107000,茅坪(二),1790938800000,4,169.260
长江,60107000,茅坪(二),1790985600000,4,169.740
长江,60107000,茅坪(二),1791003600000,5,169.860
长江,60107000,茅坪(二),1791021600000,4,169.870
长江,60107000,茅坪(二),1791036000000,5,169.940
长江,60107000,茅坪(二),1791068400000,5,170.400
