oq,q,rvnm,stcd,stnm,tm,wptn,z
0,20300,长江干流,60107400,枝城,1756656000000,5,41.24
0,20200,长江干流,60107400,枝城,1756659600000,5,41.26
0,20000,长江干流,60107400,枝城,1756663200000,4,41.25
0,19600,长江干流,60107400,枝城,1756666800000,4,41.21
0,19500,长江干流,60107400,枝城,1756670400000,4,41.19
0,19300,长江干流,60107400,枝城,1756674000000,4,41.16
0,19200,长江干流,60107400,枝城,1756677600000,4,41.15
0,19100,长江干流,60107400,枝城,1756681200000,4,41.13
0,18800,长江干流,60107400,枝城,1756688400000,4,41.08
0,18900,长江干流,60107400,枝城,1756695600000,4,41.09
0,19000,长江干流,60107400,枝城,1756699200000,6,41.09
0,18700,长江干流,60107400,枝城,1756702800000,4,41.06
0,18500,长江干流,60107400,枝城,1756706400000,4,41.02
0,18200,长江干流,60107400,枝城,1756710000000,4,40.98
0,17900,长江干流,60107400,枝城,1756713600000,4,40.93
0,17700,长江干流,60107400,枝城,1756717200000,4,40.88
0,17900,长江干流,60107400,枝城,1756720800000,5,40.89
0,18200,长江干流,60107400,枝城,1756724400000,5,40.93
0,18500,长江干流,60107400,枝城,1756728000000,5,40.97
0,19000,长江干流,60107400,枝城,1756731600000,5,41.04
0,19300,长江干流,60107400,枝城,1756735200000,5,41.09
0,19600,长江干流,60107400,枝城,1756738800000,5,41.15
0,19800,长江干流,60107400,枝城,1756742400000,5,41.19
0,19800,长江干流,60107400,枝城,1756746000000,5,41.21
0,19700,长江干流,60107400,枝城,1756749600000,4,41.2
0,19500,长江干流,60107400,枝城,1756753200000,4,41.19
0,19400,长江干流,60107400,枝城,1756756800000,4,41.18
0,19400,长江干流,60107400,枝城,1756760400000,6,41.18
0,19500,长江干流,60107400,枝城,1756764000000,6,41.18
0,19400,长江干流,60107400,枝城,1756767600000,6,41.18
0,19700,长江干流,60107400,枝城,1756774800000,5,41.21
0,19700,长江干流,60107400,枝城,1756778400000,5,41.22
0,19800,长江干流,60107400,枝城,1756782000000,5,41.23
0,19800,长江干流,60107400,枝城,1756785600000,5,41.25
0,19400,长江干流,60107400,枝城,1756789200000,4,41.2
0,18900,长江干流,60107400,枝城,1756792800000,4,41.14
0,18600,长江干流,60107400,枝城,1756796400000,4,41.08
0,18200,长江干流,60107400,枝城,1756800000000,4,41.02
0,17900,长江干流,60107400,枝城,1756803600000,4,40.95
0,18100,长江干流,60107400,枝城,1756807200000,6,40.95
0,18300,长江干流,60107400,枝城,1756810800000,5,40.98
0,18800,长江干流,60107400,枝城,1756814400000,5,41.03
0,19300,长江干流,60107400,枝城,1756818000000,5,41.11
0,19700,长江干流,60107400,枝城,1756821600000,5,41.17
0,19900,长江干流,60107400,枝城,1756825200000,5,41.22
0,20000,长江干流,60107400,枝城,1756828800000,5,41.25
0,19900,长江干流,60107400,枝城,1756832400000,4,41.24
0,19900,长江干流,60107400,枝城,1756836000000,5,41.25
0,19700,长江干流,60107400,枝城,1756839600000,4,41.23
0,19500,长江干流,60107400,枝城,1756843200000,4,41.21
0,19500,长江干流,60107400,枝城,1756846800000,6,41.21
0,19500,长江干流,60107400,枝城,1756850400000,4,41.2
0,19500,长江干流,60107400,枝城,1756854000000,6,41.2
0,19500,长江干流,60107400,枝城,1756861200000,5,41.21
0,19700,长江干流,60107400,枝城,1756864800000,5,41.23
0,19700,长江干流,60107400,枝城,1756868400000,5,41.24
0,19600,长江干流,60107400,枝城,1756872000000,6,41.24
0,19200,长江干流,60107400,枝城,1756875600000,4,41.19
0,18800,长江干流,60107400,枝城,1756879200000,4,41.12
0,18400,长江干流,60107400,枝城,1756882800000,4,41.06
0,18200,长江干流,60107400,枝城,1756886400000,4,41.02
0,18000,长江干流,60107400,枝城,1756890000000,4,40.97
0,18200,长江干流,60107400,枝城,1756893600000,5,40.98
0,18600,长江干流,60107400,枝城,1756897200000,5,41.03
0,19200,长江干流,60107400,枝城,1756900800000,5,41.11
0,19800,长江干流,60107400,枝城,1756904400000,5,41.19
0,20000,长江干流,60107400,枝城,1756908000000,5,41.24
0,20100,长江干流,60107400,枝城,1756911600000,5,41.26
0,20100,长江干流,60107400,枝城,1756915200000,5,41.28
0,19900,长江干流,60107400,枝城,1756918800000,6,41.28
0,20100,长江干流,60107400,枝城,1756922400000,5,41.31
0,20200,长江干流,60107400,枝城,1756926000000,5,41.33
0,20300,长江干流,60107400,枝城,1756929600000,5,41.35
0,20400,长江干流,60107400,枝城,1756933200000,5,41.37
0,20300,长江干流,60107400,枝城,1756936800000,5,41.38
0,20300,长江干流,60107400,枝城,1756940400000,5,41.39
0,20200,长江干流,60107400,枝城,1756947600000,5,41.4
0,20100,长江干流,60107400,枝城,1756951200000,4,41.38
0,20000,长江干流,60107400,枝城,1756954800000,6,41.38
0,19900,长江干流,60107400,枝城,1756958400000,4,41.36
0,20000,长江干流,60107400,枝城,1756962000000,5,41.37
0,20000,长江干流,60107400,枝城,1756965600000,6,41.37
0,20000,长江干流,60107400,枝城,1756969200000,6,41.37
0,20000,长江干流,60107400,枝城,1756972800000,5,41.38
0,20000,长江干流,60107400,枝城,1756976400000,4,41.37
0,20000,长江干流,60107400,枝城,1756980000000,5,41.38
0,20000,长江干流,60107400,枝城,1756983600000,6,41.38
0,20000,长江干流,60107400,枝城,1756987200000,6,41.38
0,19900,长江干流,60107400,枝城,1756990800000,4,41.37
0,19900,长江干流,60107400,枝城,1756994400000,6,41.37
0,19900,长江干流,60107400,枝城,1756998000000,4,41.36
0,19800,长江干流,60107400,枝城,1757001600000,4,41.35
0,19700,长江干流,60107400,枝城,1757005200000,4,41.34
0,19800,长江干流,60107400,枝城,1757008800000,5,41.35
0,19900,长江干流,60107400,枝城,1757012400000,6,41.35
0,20000,长江干流,60107400,枝城,1757016000000,5,41.37
0,20000,长江干流,60107400,枝城,1757019600000,6,41.37
0,20100,长江干流,60107400,枝城,1757023200000,5,41.39
0,20200,长江干流,60107400,枝城,1757026800000,5,41.4
0,19900,长江干流,60107400,枝城,1757041200000,4,41.38
0,19500,长江干流,60107400,枝城,1757041320000,6,41.38
0,19700,长江干流,60107400,枝城,1757044800000,4,41.35
0,19700,长江干流,60107400,枝城,1757048400000,4,41.34
0,19800,长江干流,60107400,枝城,1757052000000,5,41.36
0,19900,长江干流,60107400,枝城,1757055600000,6,41.36
0,19800,长江干流,60107400,枝城,1757059200000,4,41.35
0,19800,长江干流,60107400,枝城,1757062800000,6,41.35
0,19700,长江干流,60107400,枝城,1757066400000,4,41.34
0,19700,长江干流,60107400,枝城,1757070000000,4,41.33
0,19700,长江干流,60107400,枝城,1757073600000,6,41.33
0,19800,长江干流,60107400,枝城,1757077200000,5,41.34
0,19900,长江干流,60107400,枝城,1757080800000,5,41.35
0,20000,长江干流,60107400,枝城,1757084400000,5,41.36
0,20000,长江干流,60107400,枝城,1757088000000,5,41.38
0,20300,长江干流,60107400,枝城,1757091600000,5,41.41
0,20500,长江干流,60107400,枝城,1757095200000,5,41.45
0,20700,长江干流,60107400,枝城,1757098800000,5,41.48
0,21000,长江干流,60107400,枝城,1757102400000,5,41.53
0,21300,长江干流,60107400,枝城,1757106000000,5,41.58
0,21400,长江干流,60107400,枝城,1757109600000,5,41.61
0,21600,长江干流,60107400,枝城,1757113200000,5,41.65
0,20700,长江干流,60107400,枝城,1757120400000,4,41.57
0,20500,长江干流,60107400,枝城,1757124000000,4,41.54
0,20300,长江干流,60107400,枝城,1757127600000,4,41.5
0,20200,长江干流,60107400,枝城,1757131200000,4,41.48
0,20200,长江干流,60107400,枝城,1757134800000,4,41.47
0,20400,长江干流,60107400,枝城,1757138400000,5,41.49
0,20800,长江干流,60107400,枝城,1757142000000,5,41.54
0,20800,长江干流,60107400,枝城,1757145600000,5,41.55
0,20600,长江干流,60107400,枝城,1757149200000,4,41.53
0,20300,长江干流,60107400,枝城,1757152800000,4,41.5
0,20100,长江干流,60107400,枝城,1757156400000,4,41.47
0,20000,长江干流,60107400,枝城,1757160000000,4,41.45
0,20000,长江干流,60107400,枝城,1757163600000,4,41.44
0,20000,长江干流,60107400,枝城,1757167200000,6,41.44
0,20100,长江干流,60107400,枝城,1757170800000,6,41.44
0,20100,长江干流,60107400,枝城,1757174400000,5,41.45
0,20200,长江干流,60107400,枝城,1757178000000,5,41.46
0,20400,长江干流,60107400,枝城,1757181600000,5,41.48
0,20400,长江干流,60107400,枝城,1757185200000,5,41.49
0,20300,长江干流,60107400,枝城,1757188800000,4,41.48
0,20400,长江干流,60107400,枝城,1757192400000,5,41.49
0,20700,长江干流,60107400,枝城,1757196000000,5,41.53
0,20400,长江干流,60107400,枝城,1757199600000,4,41.52
0,19900,长江干流,60107400,枝城,1757206800000,4,41.44
0,20300,长江干流,60107400,枝城,1757210400000,5,41.48
0,20400,长江干流,60107400,枝城,1757214000000,5,41.49
0,20400,长江干流,60107400,枝城,1757217600000,5,41.5
0,20300,长江干流,60107400,枝城,1757221200000,4,41.48
0,20100,长江干流,60107400,枝城,1757224800000,4,41.47
0,19700,长江干流,60107400,枝城,1757228400000,4,41.4
0,19500,长江干流,60107400,枝城,1757232000000,4,41.36
0,19400,长江干流,60107400,枝城,1757235600000,4,41.33
0,20000,长江干流,60107400,枝城,1757239200000,5,41.41
0,20400,长江干流,60107400,枝城,1757242800000,5,41.46
0,20600,长江干流,60107400,枝城,1757246400000,5,41.5
0,20900,长江干流,60107400,枝城,1757250000000,5,41.54
0,20800,长江干流,60107400,枝城,1757253600000,5,41.55
0,20600,长江干流,60107400,枝城,1757257200000,4,41.52
0,21100,长江干流,60107400,枝城,1757260800000,5,41.59
0,21500,长江干流,60107400,枝城,1757264400000,5,41.65
0,21900,长江干流,60107400,枝城,1757268000000,5,41.72
0,21900,长江干流,60107400,枝城,1757271600000,5,41.74
0,21800,长江干流,60107400,枝城,1757275200000,6,41.74
0,21900,长江干流,60107400,枝城,1757278800000,5,41.75
0,22000,长江干流,60107400,枝城,1757282400000,5,41.78
0,22100,长江干流,60107400,枝城,1757286000000,5,41.8
0,22500,长江干流,60107400,枝城,1757293200000,5,41.86
0,23200,长江干流,60107400,枝城,1757296800000,5,41.96
0,23500,长江干流,60107400,枝城,1757300400000,5,42.02
0,23500,长江干流,60107400,枝城,1757304000000,5,42.06
0,22700,长江干流,60107400,枝城,1757307600000,4,41.98
0,21900,长江干流,60107400,枝城,1757311200000,4,41.88
0,21400,长江干流,60107400,枝城,1757314800000,4,41.8
0,20900,长江干流,60107400,枝城,1757318400000,4,41.72
0,20800,长江干流,60107400,枝城,1757322000000,4,41.68
0,21500,长江干流,60107400,枝城,1757325600000,5,41.73
0,22900,长江干流,60107400,枝城,1757329200000,5,41.9
0,24200,长江干流,60107400,枝城,1757332800000,5,42.09
0,24800,长江干流,60107400,枝城,1757336400000,5,42.2
0,25100,长江干流,60107400,枝城,1757340000000,5,42.28
0,25400,长江干流,60107400,枝城,1757343600000,5,42.35
0,25700,长江干流,60107400,枝城,1757347200000,5,42.43
0,26000,长江干流,60107400,枝城,1757350800000,5,42.5
0,25700,长江干流,60107400,枝城,1757354400000,6,42.5
0,25400,长江干流,60107400,枝城,1757358000000,6,42.5
0,25300,长江干流,60107400,枝城,1757361600000,4,42.49
0,25300,长江干流,60107400,枝城,1757365200000,5,42.5
0,25300,长江干流,60107400,枝城,1757368800000,5,42.51
0,25200,长江干流,60107400,枝城,1757372400000,6,42.51
0,25800,长江干流,60107400,枝城,1757383200000,5,42.59
0,26000,长江干流,60107400,枝城,1757386800000,5,42.64
0,25900,长江干流,60107400,枝城,1757390400000,5,42.65
0,25400,长江干流,60107400,枝城,1757394000000,4,42.61
0,24400,长江干流,60107400,枝城,1757397600000,4,42.51
0,23700,长江干流,60107400,枝城,1757401200000,4,42.41
0,23400,长江干流,60107400,枝城,1757404800000,4,42.34
0,23600,长江干流,60107400,枝城,1757408400000,4,42.33
0,24500,长江干流,60107400,枝城,1757412000000,5,42.41
0,25400,长江干流,60107400,枝城,1757415600000,5,42.53
0,25900,长江干流,60107400,枝城,1757419200000,5,42.62
0,26300,长江干流,60107400,枝城,1757422800000,5,42.7
0,26500,长江干流,60107400,枝城,1757426400000,5,42.75
0,26600,长江干流,60107400,枝城,1757430000000,5,42.79
0,26700,长江干流,60107400,枝城,1757433600000,5,42.82
0,26900,长江干流,60107400,枝城,1757437200000,5,42.86
0,26800,长江干流,60107400,枝城,1757440800000,5,42.87
0,26300,长江干流,60107400,枝城,1757444400000,4,42.84
0,25900,长江干流,60107400,枝城,1757448000000,4,42.79
0,25600,长江干流,60107400,枝城,1757451600000,4,42.76
0,25600,长江干流,60107400,枝城,1757455200000,4,42.74
0,25400,长江干流,60107400,枝城,1757458800000,4,42.72
0,25700,长江干流,60107400,枝城,1757466000000,5,42.74
0,25900,长江干流,60107400,枝城,1757469600000,5,42.76
0,26100,长江干流,60107400,枝城,1757473200000,5,42.78
0,26200,长江干流,60107400,枝城,1757476800000,5,42.81
0,25600,长江干流,60107400,枝城,1757480400000,4,42.77
0,24500,长江干流,60107400,枝城,1757484000000,4,42.65
0,24000,长江干流,60107400,枝城,1757487600000,4,42.56
0,23400,长江干流,60107400,枝城,1757491200000,4,42.46
0,23700,长江干流,60107400,枝城,1757494800000,4,42.44
0,24600,长江干流,60107400,枝城,1757498400000,5,42.53
0,25400,长江干流,60107400,枝城,1757502000000,5,42.63
0,25900,长江干流,60107400,枝城,1757505600000,5,42.71
0,26400,长江干流,60107400,枝城,1757509200000,5,42.78
0,26500,长江干流,60107400,枝城,1757512800000,5,42.82
0,26700,长江干流,60107400,枝城,1757516400000,5,42.87
0,26900,长江干流,60107400,枝城,1757520000000,5,42.91
0,27000,长江干流,60107400,枝城,1757523600000,5,42.94
0,27200,长江干流,60107400,枝城,1757527200000,5,42.97
0,26500,长江干流,60107400,枝城,1757530800000,4,42.93
0,25900,长江干流,60107400,枝城,1757534400000,4,42.86
0,25600,长江干流,60107400,枝城,1757538000000,4,42.81
0,25500,长江干流,60107400,枝城,1757541600000,4,42.78
0,25100,长江干流,60107400,枝城,1757545200000,4,42.74
0,25300,长江干流,60107400,枝城,1757552400000,5,42.73
0,25700,长江干流,60107400,枝城,1757556000000,5,42.76
0,25900,长江干流,60107400,枝城,1757559600000,5,42.79
0,26000,长江干流,60107400,枝城,1757563200000,5,42.81
0,25600,长江干流,60107400,枝城,1757566800000,4,42.79
0,24600,长江干流,60107400,枝城,1757570400000,4,42.67
0,23800,长江干流,60107400,枝城,1757574000000,4,42.56
0,23500,长江干流,60107400,枝城,1757577600000,4,42.48
0,23900,长江干流,60107400,枝城,1757581200000,5,42.49
0,24800,长江干流,60107400,枝城,1757584800000,5,42.57
0,25500,长江干流,60107400,枝城,1757588400000,5,42.66
0,26100,长江干流,60107400,枝城,1757592000000,5,42.74
0,26500,长江干流,60107400,枝城,1757595600000,5,42.81
0,26700,长江干流,60107400,枝城,1757599200000,5,42.87
0,27000,长江干流,60107400,枝城,1757602800000,5,42.91
0,27100,长江干流,60107400,枝城,1757606400000,5,42.95
0,27300,长江干流,60107400,枝城,1757610000000,5,42.99
0,27600,长江干流,60107400,枝城,1757613600000,5,43.02
0,26700,长江干流,60107400,枝城,1757617200000,4,42.98
0,25400,长江干流,60107400,枝城,1757620800000,4,42.84
0,24200,长江干流,60107400,枝城,1757624400000,4,42.67
0,23600,长江干流,60107400,枝城,1757628000000,4,42.55
0,23100,长江干流,60107400,枝城,1757631600000,4,42.44
0,23000,长江干流,60107400,枝城,1757638800000,4,42.36
0,23300,长江干流,60107400,枝城,1757642400000,6,42.36
0,23500,长江干流,60107400,枝城,1757646000000,5,42.37
0,23600,长江干流,60107400,枝城,1757649600000,5,42.38
0,23200,长江干流,60107400,枝城,1757653200000,4,42.34
0,22300,长江干流,60107400,枝城,1757656800000,4,42.22
0,21500,长江干流,60107400,枝城,1757660400000,4,42.09
0,21300,长江干流,60107400,枝城,1757664000000,4,42.02
0,21300,长江干流,60107400,枝城,1757667600000,4,41.98
0,21500,长江干流,60107400,枝城,1757671200000,4,41.97
0,21500,长江干流,60107400,枝城,1757674800000,4,41.95
0,22200,长江干流,60107400,枝城,1757678400000,5,42.03
0,22900,长江干流,60107400,枝城,1757682000000,5,42.13
0,23800,长江干流,60107400,枝城,1757685600000,5,42.25
0,24200,长江干流,60107400,枝城,1757689200000,5,42.32
0,24500,长江干流,60107400,枝城,1757692800000,5,42.39
0,24500,长江干流,60107400,枝城,1757696400000,5,42.41
0,23900,长江干流,60107400,枝城,1757700000000,4,42.36
0,23500,长江干流,60107400,枝城,1757703600000,4,42.32
0,23000,长江干流,60107400,枝城,1757707200000,4,42.24
0,22400,长江干流,60107400,枝城,1757710800000,4,42.16
0,21700,长江干流,60107400,枝城,1757714400000,4,42.06
0,21300,长江干流,60107400,枝城,1757718000000,4,41.98
0,22000,长江干流,60107400,枝城,1757725200000,5,41.99
0,22300,长江干流,60107400,枝城,1757728800000,5,42.03
0,22600,长江干流,60107400,枝城,1757732400000,5,42.07
0,22700,长江干流,60107400,枝城,1757736000000,5,42.09
0,22400,长江干流,60107400,枝城,1757739600000,4,42.07
0,21600,长江干流,60107400,枝城,1757743200000,4,41.97
0,21000,长江干流,60107400,枝城,1757746800000,4,41.88
0,20700,长江干流,60107400,枝城,1757750400000,4,41.81
0,20700,长江干流,60107400,枝城,1757754000000,4,41.78
0,21000,长江干流,60107400,枝城,1757757600000,5,41.8
0,21900,长江干流,60107400,枝城,1757761200000,5,41.89
0,22900,长江干流,60107400,枝城,1757764800000,5,42.03
0,23500,长江干流,60107400,枝城,1757768400000,5,42.13
0,23900,长江干流,60107400,枝城,1757772000000,5,42.21
0,24200,长江干流,60107400,枝城,1757775600000,5,42.26
0,24200,长江干流,60107400,枝城,1757779200000,5,42.3
0,23900,长江干流,60107400,枝城,1757782800000,4,42.28
0,23500,长江干流,60107400,枝城,1757786400000,4,42.26
0,22900,长江干流,60107400,枝城,1757790000000,4,42.19
0,22600,长江干流,60107400,枝城,1757793600000,4,42.15
0,22200,长江干流,60107400,枝城,1757797200000,4,42.1
0,21900,长江干流,60107400,枝城,1757800800000,4,42.07
0,21700,长江干流,60107400,枝城,1757804400000,4,42.03
0,21900,长江干流,60107400,枝城,1757811600000,6,42.02
0,22400,长江干流,60107400,枝城,1757815200000,5,42.08
0,22600,长江干流,60107400,枝城,1757818800000,5,42.11
0,22400,长江干流,60107400,枝城,1757822400000,4,42.1
0,22100,长江干流,60107400,枝城,1757826000000,4,42.06
0,21600,长江干流,60107400,枝城,1757829600000,4,42
0,21100,长江干流,60107400,枝城,1757833200000,4,41.92
0,20700,长江干流,60107400,枝城,1757836800000,4,41.85
0,20500,长江干流,60107400,枝城,1757840400000,4,41.8
0,20700,长江干流,60107400,枝城,1757844000000,4,41.79
0,21600,长江干流,60107400,枝城,1757847600000,5,41.88
0,22600,长江干流,60107400,枝城,1757851200000,5,42.01
0,23300,长江干流,60107400,枝城,1757854800000,5,42.13
0,23700,长江干流,60107400,枝城,1757858400000,5,42.2
0,24000,长江干流,60107400,枝城,1757862000000,5,42.26
0,24200,长江干流,60107400,枝城,1757865600000,5,42.32
0,23700,长江干流,60107400,枝城,1757869200000,4,42.29
0,23400,长江干流,60107400,枝城,1757872800000,4,42.25
0,23000,长江干流,60107400,枝城,1757876400000,4,42.21
0,22700,长江干流,60107400,枝城,1757880000000,4,42.17
0,22500,长江干流,60107400,枝城,1757883600000,4,42.14
0,22400,长江干流,60107400,枝城,1757887200000,4,42.11
0,22100,长江干流,60107400,枝城,1757890800000,4,42.07
0,22100,长江干流,60107400,枝城,1757898000000,4,42.04
0,22500,长江干流,60107400,枝城,1757905200000,5,42.08
0,22600,长江干流,60107400,枝城,1757908800000,5,42.09
0,22100,长江干流,60107400,枝城,1757912400000,4,42.06
0,21400,长江干流,60107400,枝城,1757916000000,4,41.96
0,21000,长江干流,60107400,枝城,1757919600000,4,41.88
0,20600,长江干流,60107400,枝城,1757923200000,4,41.81
0,20400,长江干流,60107400,枝城,1757926800000,4,41.76
0,20500,长江干流,60107400,枝城,1757930400000,4,41.74
0,21400,长江干流,60107400,枝城,1757934000000,5,41.83
0,22400,长江干流,60107400,枝城,1757937600000,5,41.97
0,22900,长江干流,60107400,枝城,1757941200000,5,42.05
0,23400,长江干流,60107400,枝城,1757944800000,5,42.14
0,23800,长江干流,60107400,枝城,1757948400000,5,42.2
0,24000,长江干流,60107400,枝城,1757952000000,5,42.25
0,24200,长江干流,60107400,枝城,1757955600000,5,42.3
0,24300,长江干流,60107400,枝城,1757959200000,5,42.33
0,24300,长江干流,60107400,枝城,1757962800000,5,42.35
0,24100,长江干流,60107400,枝城,1757966400000,4,42.34
0,24100,长江干流,60107400,枝城,1757970000000,5,42.35
0,24000,长江干流,60107400,枝城,1757973600000,6,42.35
0,24100,长江干流,60107400,枝城,1757977200000,5,42.37
0,24600,长江干流,60107400,枝城,1757984400000,5,42.43
0,25300,长江干流,60107400,枝城,1757988000000,5,42.53
0,25800,长江干流,60107400,枝城,1757991600000,5,42.61
0,25800,长江干流,60107400,枝城,1757995200000,5,42.65
0,25100,长江干流,60107400,枝城,1757998800000,4,42.61
0,24300,长江干流,60107400,枝城,1758002400000,4,42.51
0,23600,长江干流,60107400,枝城,1758006000000,4,42.42
0,23300,长江干流,60107400,枝城,1758009600000,4,42.36
0,23600,长江干流,60107400,枝城,1758013200000,5,42.37
0,24500,长江干流,60107400,枝城,1758016800000,5,42.47
0,25300,长江干流,60107400,枝城,1758020400000,5,42.57
0,26000,长江干流,60107400,枝城,1758024000000,5,42.67
0,26400,长江干流,60107400,枝城,1758027600000,5,42.75
0,26200,长江干流,60107400,枝城,1758031200000,5,42.77
0,26300,长江干流,60107400,枝城,1758034800000,5,42.79
0,26400,长江干流,60107400,枝城,1758038400000,5,42.83
0,26700,长江干流,60107400,枝城,1758042000000,5,42.87
0,26900,长江干流,60107400,枝城,1758045600000,5,42.92
0,27100,长江干流,60107400,枝城,1758049200000,5,42.96
0,27200,长江干流,60107400,枝城,1758052800000,5,43
0,27100,长江干流,60107400,枝城,1758056400000,6,43
0,27100,长江干流,60107400,枝城,1758060000000,5,43.02
0,27100,长江干流,60107400,枝城,1758063600000,6,43.02
0,27000,长江干流,60107400,枝城,1758070800000,5,43.03
0,27100,长江干流,60107400,枝城,1758074400000,5,43.06
0,27100,长江干流,60107400,枝城,1758078000000,5,43.07
0,27200,长江干流,60107400,枝城,1758081600000,6,43.07
0,27100,长江干流,60107400,枝城,1758085200000,6,43.07
0,27100,长江干流,60107400,枝城,1758088800000,5,43.08
0,27100,长江干流,60107400,枝城,1758092400000,6,43.08
0,27000,长江干流,60107400,枝城,1758096000000,6,43.08
0,27300,长江干流,60107400,枝城,1758099600000,5,43.1
0,27600,长江干流,60107400,枝城,1758103200000,5,43.14
0,27500,长江干流,60107400,枝城,1758106800000,5,43.15
0,27700,长江干流,60107400,枝城,1758110400000,5,43.18
0,27700,长江干流,60107400,枝城,1758114000000,5,43.19
0,27700,长江干流,60107400,枝城,1758117600000,5,43.2
0,27800,长江干流,60107400,枝城,1758121200000,5,43.22
0,27900,长江干流,60107400,枝城,1758124800000,5,43.24
0,27700,长江干流,60107400,枝城,1758128400000,6,43.24
0,27500,长江干流,60107400,枝城,1758132000000,4,43.21
0,27500,长江干流,60107400,枝城,1758135600000,4,43.2
0,27500,长江干流,60107400,枝城,1758139200000,6,43.2
0,27300,长江干流,60107400,枝城,1758142800000,6,43.2
0,27300,长江干流,60107400,枝城,1758146400000,4,43.18
0,27400,长江干流,60107400,枝城,1758150000000,5,43.2
0,27500,长江干流,60107400,枝城,1758153600000,6,43.2
0,27700,长江干流,60107400,枝城,1758160800000,5,43.23
0,27500,长江干流,60107400,枝城,1758164400000,4,43.22
0,27500,长江干流,60107400,枝城,1758168000000,6,43.22
0,27500,长江干流,60107400,枝城,1758171600000,6,43.22
0,27500,长江干流,60107400,枝城,1758175200000,6,43.22
0,27600,长江干流,60107400,枝城,1758178800000,5,43.24
0,27800,长江干流,60107400,枝城,1758182400000,5,43.26
0,27800,长江干流,60107400,枝城,1758186000000,5,43.27
0,27900,长江干流,60107400,枝城,1758189600000,5,43.29
0,27900,长江干流,60107400,枝城,1758193200000,5,43.3
0,27900,长江干流,60107400,枝城,1758196800000,6,43.3
0,27700,长江干流,60107400,枝城,1758200400000,4,43.28
0,27500,长江干流,60107400,枝城,1758204000000,4,43.26
0,27400,长江干流,60107400,枝城,1758207600000,4,43.25
0,27200,长江干流,60107400,枝城,1758211200000,4,43.22
0,27500,长江干流,60107400,枝城,1758214800000,5,43.24
0,27400,长江干流,60107400,枝城,1758218400000,4,43.23
0,27500,长江干流,60107400,枝城,1758222000000,5,43.24
0,27700,长江干流,60107400,枝城,1758225600000,5,43.26
0,27700,长江干流,60107400,枝城,1758229200000,5,43.27
0,27600,长江干流,60107400,枝城,1758232800000,4,43.26
0,27500,长江干流,60107400,枝城,1758236400000,4,43.25
0,27400,长江干流,60107400,枝城,1758243600000,6,43.24
0,27500,长江干流,60107400,枝城,1758247200000,6,43.24
0,27600,长江干流,60107400,枝城,1758250800000,5,43.25
0,27500,长江干流,60107400,枝城,1758254400000,6,43.25
0,27400,长江干流,60107400,枝城,1758258000000,4,43.23
0,27200,长江干流,60107400,枝城,1758261600000,4,43.22
0,27200,长江干流,60107400,枝城,1758265200000,4,43.21
0,27400,长江干流,60107400,枝城,1758268800000,5,43.23
0,27600,长江干流,60107400,枝城,1758272400000,5,43.24
0,27600,长江干流,60107400,枝城,1758276000000,5,43.25
0,27700,长江干流,60107400,枝城,1758279600000,5,43.27
0,27600,长江干流,60107400,枝城,1758283200000,6,43.27
0,27600,长江干流,60107400,枝城,1758286800000,4,43.26
0,27400,长江干流,60107400,枝城,1758290400000,4,43.24
0,27500,长江干流,60107400,枝城,1758294000000,5,43.25
0,27700,长江干流,60107400,枝城,1758297600000,5,43.27
0,27500,长江干流,60107400,枝城,1758301200000,4,43.26
0,27600,长江干流,60107400,枝城,1758304800000,6,43.26
0,27500,长江干流,60107400,枝城,1758308400000,4,43.25
0,27400,长江干流,60107400,枝城,1758312000000,6,43.25
0,27300,长江干流,60107400,枝城,1758315600000,4,43.23
0,27300,长江干流,60107400,枝城,1758319200000,6,43.23
0,27300,长江干流,60107400,枝城,1758322800000,4,43.22
0,27200,长江干流,60107400,枝城,1758330000000,6,43.21
0,26900,长江干流,60107400,枝城,1758333600000,4,43.18
0,26900,长江干流,60107400,枝城,1758337200000,4,43.17
0,26800,长江干流,60107400,枝城,1758340800000,4,43.15
0,26700,长江干流,60107400,枝城,1758344400000,4,43.14
0,26800,长江干流,60107400,枝城,1758348000000,4,43.13
0,27000,长江干流,60107400,枝城,1758351600000,5,43.15
0,27000,长江干流,60107400,枝城,1758355200000,6,43.15
0,26900,长江干流,60107400,枝城,1758358800000,6,43.15
0,27100,长江干流,60107400,枝城,1758362400000,5,43.16
0,27000,长江干流,60107400,枝城,1758366000000,4,43.15
0,26800,长江干流,60107400,枝城,1758369600000,4,43.14
0,26700,长江干流,60107400,枝城,1758373200000,4,43.12
0,26600,长江干流,60107400,枝城,1758376800000,4,43.1
0,26500,长江干流,60107400,枝城,1758380400000,4,43.09
0,26600,长江干流,60107400,枝城,1758384000000,6,43.09
0,26400,长江干流,60107400,枝城,1758387600000,4,43.07
0,26500,长江干流,60107400,枝城,1758391200000,5,43.08
0,26600,长江干流,60107400,枝城,1758394800000,6,43.08
0,26600,长江干流,60107400,枝城,1758398400000,6,43.08
0,26600,长江干流,60107400,枝城,1758402000000,6,43.08
0,26600,长江干流,60107400,枝城,1758405600000,6,43.08
0,26600,长江干流,60107400,枝城,1758409200000,6,43.08
0,26600,长江干流,60107400,枝城,1758416400000,6,43.07
0,26600,长江干流,60107400,枝城,1758420000000,6,43.07
0,26600,长江干流,60107400,枝城,1758423600000,6,43.07
0,26700,长江干流,60107400,枝城,1758427200000,6,43.07
0,26500,长江干流,60107400,枝城,1758430800000,4,43.06
0,26500,长江干流,60107400,枝城,1758434400000,4,43.05
0,26400,长江干流,60107400,枝城,1758438000000,4,43.04
0,26400,长江干流,60107400,枝城,1758441600000,4,43.03
0,26400,长江干流,60107400,枝城,1758445200000,4,43.02
0,26500,长江干流,60107400,枝城,1758448800000,5,43.05
0,26600,长江干流,60107400,枝城,1758452400000,6,43.05
0,26800,长江干流,60107400,枝城,1758456000000,5,43.06
0,26600,长江干流,60107400,枝城,1758459600000,6,43.06
0,26700,长江干流,60107400,枝城,1758463200000,6,43.06
0,26400,长江干流,60107400,枝城,1758466800000,4,43.03
0,26300,长江干流,60107400,枝城,1758470400000,4,43.02
0,26200,长江干流,60107400,枝城,1758474000000,4,43
0,26300,长江干流,60107400,枝城,1758477600000,6,43
0,26400,长江干流,60107400,枝城,1758481200000,5,43.01
0,26400,长江干流,60107400,枝城,1758484800000,6,43.01
0,26300,长江干流,60107400,枝城,1758488400000,6,43.01
0,26200,长江干流,60107400,枝城,1758492000000,4,42.99
0,26100,长江干流,60107400,枝城,1758495600000,4,42.98
0,26300,长江干流,60107400,枝城,1758502800000,6,42.99
0,26400,长江干流,60107400,枝城,1758506400000,6,42.99
0,26300,长江干流,60107400,枝城,1758510000000,6,42.99
0,26300,长江干流,60107400,枝城,1758513600000,6,42.99
0,26300,长江干流,60107400,枝城,1758517200000,6,42.99
0,26100,长江干流,60107400,枝城,1758520800000,4,42.97
0,25900,长江干流,60107400,枝城,1758524400000,4,42.95
0,26000,长江干流,60107400,枝城,1758528000000,6,42.95
0,26100,长江干流,60107400,枝城,1758531600000,6,42.95
0,26400,长江干流,60107400,枝城,1758535200000,5,42.98
0,26400,长江干流,60107400,枝城,1758538800000,5,42.99
0,26600,长江干流,60107400,枝城,1758542400000,5,43.02
0,26500,长江干流,60107400,枝城,1758546000000,4,43.01
0,26600,长江干流,60107400,枝城,1758549600000,5,43.02
0,26600,长江干流,60107400,枝城,1758553200000,5,43.03
0,26400,长江干流,60107400,枝城,1758556800000,4,43.01
0,26300,长江干流,60107400,枝城,1758560400000,4,42.99
0,26200,长江干流,60107400,枝城,1758564000000,4,42.98
0,26300,长江干流,60107400,枝城,1758567600000,6,42.98
0,26300,长江干流,60107400,枝城,1758571200000,6,42.98
0,26300,长江干流,60107400,枝城,1758574800000,5,42.99
0,26300,长江干流,60107400,枝城,1758578400000,6,42.99
0,26300,长江干流,60107400,枝城,1758582000000,6,42.99
0,26300,长江干流,60107400,枝城,1758589200000,6,42.99
0,26300,长江干流,60107400,枝城,1758592800000,6,42.99
0,26100,长江干流,60107400,枝城,1758596400000,4,42.96
0,26200,长江干流,60107400,枝城,1758600000000,6,42.96
0,26100,长江干流,60107400,枝城,1758603600000,6,42.96
0,26100,长江干流,60107400,枝城,1758607200000,6,42.96
0,26000,长江干流,60107400,枝城,1758610800000,4,42.95
0,26200,长江干流,60107400,枝城,1758614400000,6,42.95
0,26400,长江干流,60107400,枝城,1758618000000,5,42.97
0,26400,长江干流,60107400,枝城,1758621600000,5,42.98
0,26500,长江干流,60107400,枝城,1758625200000,5,43
0,26400,长江干流,60107400,枝城,1758628800000,4,42.99
0,26300,长江干流,60107400,枝城,1758632400000,6,42.99
