q,rvnm,stcd,stnm,tm,wptn,z
6070,鄱阳湖,62601600,湖口,1788206400000,5,13.850
6210,鄱阳湖,62601600,湖口,1788220800000,6,13.890
5940,鄱阳湖,62601600,湖口,1788238800000,4,13.890
5710,鄱阳湖,62601600,湖口,1788256800000,4,13.900
6110,鄱阳湖,62601600,湖口,1788274800000,5,13.930
6830,鄱阳湖,62601600,湖口,1788285600000,5,14.000
7120,鄱阳湖,62601600,湖口,1788296400000,5,14.050
7090,鄱阳湖,62601600,湖口,1788303600000,6,14.060
7110,鄱阳湖,62601600,湖口,1788310800000,6,14.080
7140,鄱阳湖,62601600,湖口,1788328800000,5,14.090
7490,鄱阳湖,62601600,湖口,1788346800000,5,14.160
7700,鄱阳湖,62601600,湖口,1788357600000,5,14.180
7930,鄱阳湖,62601600,湖口,1788361200000,5,14.2
7860,鄱阳湖,62601600,湖口,1788372000000,5,14.230
7920,鄱阳湖,62601600,湖口,1788386400000,6,14.260
7960,鄱阳湖,62601600,湖口,1788390000000,6,14.26
7900,鄱阳湖,62601600,湖口,1788397200000,6,14.290
8370,鄱阳湖,62601600,湖口,1788415200000,5,14.360
8370,鄱阳湖,62601600,湖口,1788433200000,6,14.420
8040,鄱阳湖,62601600,湖口,1788447600000,6,14.420
8470,鄱阳湖,62601600,湖口,1788458400000,5,14.460
8030,鄱阳湖,62601600,湖口,1788469200000,6,14.450
8170,鄱阳湖,62601600,湖口,1788476400000,6,14.460
8270,鄱阳湖,62601600,湖口,1788483600000,5,14.480
8480,鄱阳湖,62601600,湖口,1788501600000,6,14.500
8770,鄱阳湖,62601600,湖口,1788519600000,5,14.530
9220,鄱阳湖,62601600,湖口,1788534000000,5,14.580
9710,鄱阳湖,62601600,湖口,1788544800000,5,14.630
9820,鄱阳湖,62601600,湖口,1788552000000,5,14.650
9950,鄱阳湖,62601600,湖口,1788559200000,5,14.670
10200,鄱阳湖,62601600,湖口,1788566400000,5,14.690
10900,鄱阳湖,62601600,湖口,1788584400000,6,14.740
11100,鄱阳湖,62601600,湖口,1788598800000,6,14.780
11000,鄱阳湖,62601600,湖口,1788609600000,6,14.800
11200,鄱阳湖,62601600,湖口,1788620400000,5,14.820
11300,鄱阳湖,62601600,湖口,1788624000000,5,14.83
11500,鄱阳湖,62601600,湖口,1788631200000,5,14.850
11500,鄱阳湖,62601600,湖口,1788638400000,5,14.860
11500,鄱阳湖,62601600,湖口,1788645600000,5,14.880
11800,鄱阳湖,62601600,湖口,1788652800000,6,14.890
12200,鄱阳湖,62601600,湖口,1788667200000,5,14.940
12000,鄱阳湖,62601600,湖口,1788670800000,5,14.950
12200,鄱阳湖,62601600,湖口,1788696000000,5,15.020
12600,鄱阳湖,62601600,湖口,1788739200000,5,15.100
12000,鄱阳湖,62601600,湖口,1788760800000,5,15.170
12200,鄱阳湖,62601600,湖口,1788782400000,5,15.220
11700,鄱阳湖,62601600,湖口,1788800400000,6,15.230
11700,鄱阳湖,62601600,湖口,1788814800000,6,15.240
11900,鄱阳湖,62601600,湖口,1788822000000,6,15.250
11700,鄱阳湖,62601600,湖口,1788829200000,6,15.250
11100,鄱阳湖,62601600,湖口,1788847200000,6,15.260
10700,鄱阳湖,62601600,湖口,1788865200000,6,15.240
10400,鄱阳湖,62601600,湖口,1788879600000,6,15.220
9870,鄱阳湖,62601600,湖口,1788944400000,4,15.090
9810,鄱阳湖,62601600,湖口,1788958800000,4,15.050
10400,鄱阳湖,62601600,湖口,1788991200000,6,14.970
10400,鄱阳湖,62601600,湖口,1788998400000,4,14.960
10700,鄱阳湖,62601600,湖口,1789016400000,6,14.940
11200,鄱阳湖,62601600,湖口,1789030800000,6,14.920
11200,鄱阳湖,62601600,湖口,1789048800000,6,14.910
11500,鄱阳湖,62601600,湖口,1789081200000,4,14.840
11600,鄱阳湖,62601600,湖口,1789088400000,6,14.830
10800,鄱阳湖,62601600,湖口,1789102800000,4,14.800
10200,鄱阳湖,62601600,湖口,1789124400000,6,14.760
10300,鄱阳湖,62601600,湖口,1789167600000,4,14.640
10300,鄱阳湖,62601600,湖口,1789174800000,4,14.620
10700,鄱阳湖,62601600,湖口,1789192800000,4,14.590
10700,鄱阳湖,62601600,湖口,1789210800000,4,14.540
10500,鄱阳湖,62601600,湖口,1789221600000,4,14.510
10600,鄱阳湖,62601600,湖口,1789254000000,4,14.400
10600,鄱阳湖,62601600,湖口,1789261200000,4,14.380
10600,鄱阳湖,62601600,湖口,1789279200000,4,14.330
10500,鄱阳湖,62601600,湖口,1789300800000,4,14.260
10300,鄱阳湖,62601600,湖口,1789340400000,4,14.100
10400,鄱阳湖,62601600,湖口,1789347600000,4,14.070
9850,鄱阳湖,62601600,湖口,1789369200000,4,13.990
9860,鄱阳湖,62601600,湖口,1789394400000,4,13.890
9670,鄱阳湖,62601600,湖口,1789423200000,4,13.790
9790,鄱阳湖,62601600,湖口,1789430400000,4,13.770
9850,鄱阳湖,62601600,湖口,1789452000000,4,13.700
10000,鄱阳湖,62601600,湖口,1789470000000,4,13.650
9660,鄱阳湖,62601600,湖口,1789509600000,4,13.490
9660,鄱阳湖,62601600,湖口,1789516800000,4,13.470
8950,鄱阳湖,62601600,湖口,1789534800000,4,13.420
8790,鄱阳湖,62601600,湖口,1789549200000,4,13.360
8580,鄱阳湖,62601600,湖口,1789567200000,4,13.280
8050,鄱阳湖,62601600,湖口,1789596000000,4,13.140
8030,鄱阳湖,62601600,湖口,1789603200000,4,13.100
7850,鄱阳湖,62601600,湖口,1789621200000,4,13.040
7230,鄱阳湖,62601600,湖口,1789639200000,4,12.930
6810,鄱阳湖,62601600,湖口,1789682400000,4,12.720
6560,鄱阳湖,62601600,湖口,1789689600000,4,12.680
6740,鄱阳湖,62601600,湖口,1789707600000,4,12.620
6560,鄱阳湖,62601600,湖口,1789722000000,4,12.560
6010,鄱阳湖,62601600,湖口,1789736400000,4,12.480
5780,鄱阳湖,62601600,湖口,1789768800000,4,12.330
5570,鄱阳湖,62601600,湖口,1789776000000,4,12.300
6110,鄱阳湖,62601600,湖口,1789794000000,4,12.220
5810,鄱阳湖,62601600,湖口,1789808400000,4,12.150
5760,鄱阳湖,62601600,湖口,1789822800000,4,12.090
5210,鄱阳湖,62601600,湖口,1789858800000,4,11.920
5060,鄱阳湖,62601600,湖口,1789866000000,4,11.880
4820,鄱阳湖,62601600,湖口,1789884000000,4,11.800
4440,鄱阳湖,62601600,湖口,1789905600000,4,11.690
3940,鄱阳湖,62601600,湖口,1789945200000,4,11.510
3840,鄱阳湖,62601600,湖口,1789952400000,4,11.470
3810,鄱阳湖,62601600,湖口,1789974000000,4,11.370
3410,鄱阳湖,62601600,湖口,1789999200000,4,11.250
3010,鄱阳湖,62601600,湖口,1790028000000,4,11.130
2840,鄱阳湖,62601600,湖口,1790038800000,4,11.070
4010,鄱阳湖,62601600,湖口,1790056800000,4,10.990
3610,鄱阳湖,62601600,湖口,1790074800000,4,10.920
3550,鄱阳湖,62601600,湖口,1790078400000,4,10.9
3180,鄱阳湖,62601600,湖口,1790114400000,4,10.770
3040,鄱阳湖,62601600,湖口,1790125200000,6,10.740
2680,鄱阳湖,62601600,湖口,1790143200000,4,10.670
2510,鄱阳湖,62601600,湖口,1790164800000,6,10.620
